[
  {
    "id": "UCup3etEdjyF1L3sRbU-rKLw",
    "name": "24 News",
    "image": "https://yt3.ggpht.com/-cXUtm6DRxOggCLXVRbsKbs8CVLYLR7Q1o4Qol35K644KIVJoMBrXw8clQncbGARwAyaCPVcFA=s800-c-k-c0x00ffffff-no-rj"
  },
  {
    "id": "UC_x5XG1OV2P6uZZ5FSM9Ttw",
    "name": "Google Developers",
    "image": "https://yt3.ggpht.com/ytc/AKedOLQvTgFzv9QK3Ww7KjKpAxQpC5n4o6j2n5wW9w=s88-c-k-c0x00ffffff-no-rj"
  },
  {
    "id": "UCBJycsmduvYEL83R_U4JriQ",
    "name": "Marques Brownlee",
    "image": "https://yt3.ggpht.com/ytc/AKedOLRZc5WvZp8vEw8nKXxwO0c4F8wI9q0Zq2n7w=s88-c-k-c0x00ffffff-no-rj"
  },
  {
    "id": "UCsBjURrPoezykLs9EqgamOA",
    "name": "Fireship",
    "image": "https://yt3.ggpht.com/ytc/AKedOLQe5QeYw6wU5k5y5w5w5w5w5w5w5w5w5w5w5w=s88-c-k-c0x00ffffff-no-rj"
  }
]
